{
  "hash": "46ca24d8",
  "configHash": "46407c48",
  "lockfileHash": "fec167b3",
  "browserHash": "a86a51f3",
  "optimized": {
    "@angular/common/http": {
      "src": "../../../../../node_modules/@angular/common/fesm2022/http.mjs",
      "file": "@angular_common_http.js",
      "fileHash": "bbfd5adc",
      "needsInterop": false
    },
    "@angular/core": {
      "src": "../../../../../node_modules/@angular/core/fesm2022/core.mjs",
      "file": "@angular_core.js",
      "fileHash": "de38b054",
      "needsInterop": false
    },
    "@angular/platform-browser": {
      "src": "../../../../../node_modules/@angular/platform-browser/fesm2022/platform-browser.mjs",
      "file": "@angular_platform-browser.js",
      "fileHash": "edfb5b37",
      "needsInterop": false
    },
    "@angular/router": {
      "src": "../../../../../node_modules/@angular/router/fesm2022/router.mjs",
      "file": "@angular_router.js",
      "fileHash": "c8d84257",
      "needsInterop": false
    },
    "@angular/common": {
      "src": "../../../../../node_modules/@angular/common/fesm2022/common.mjs",
      "file": "@angular_common.js",
      "fileHash": "ae42ee2d",
      "needsInterop": false
    }
  },
  "chunks": {
    "chunk-PTMAOFGI": {
      "file": "chunk-PTMAOFGI.js"
    },
    "chunk-BCB4OAS5": {
      "file": "chunk-BCB4OAS5.js"
    },
    "chunk-F2TMUAH5": {
      "file": "chunk-F2TMUAH5.js"
    },
    "chunk-2UONM32I": {
      "file": "chunk-2UONM32I.js"
    }
  }
}